address,debt
0x5da2ee269268c26da5806e2ff412511504bfe410,927511.00
0x7d580964ccd697152f9421142229d097fb03d1b1,894738.76
0xddfb5f05589fcbfb99cb7b5ce4d549980c65cf6a,835705.75
0xf8f25db1baa54d5c1f9f23802d6cd9c51ce8110e,799108.20
0x8addabf339c54aa0c6e8adb41c2cb2f1d68451f5,610000.00
0xda273fc0176bd687755cd2531d14aad139615c41,519498.36
0x549c0421c69be943a2a60e76b19b4a801682cbd3,482009.37
0xd6cb7a7b544e24e5160a948a16c45b1096276f9d,356415.00
0x21cfa78386791e4a24862579cb1eeda8cadbf3f3,337601.00
0x7bb0acf052d09849fe36d6154f35e017ff53cbb5,328459.20
0x93395c5ab3a839228a78f31547c12bd31aaa45f7,323912.22
0x461e76a4fe9f27605d4097a646837c32f1ccc31c,314186.07
0xf661ee1a3dc61ff13ad52583833ea0d95fa00f96,309823.53
0x3e55aa73120bc8035a61dba7f9b55ba99056bd9b,304980.00
0xc7318774863c96ab259a0c09f40116cbc1b06c55,295000.00
0x742146b6241b779f7fb9759e7f45772597b08df1,276853.39
0x1e313c857fb4c8e7c6982ec2d33e0494e64a3ba1,273700.80
0x75f74de8c945725703f1a000521dc72a4f27701e,268080.97
0x926c818b9a9fd0bfeed19583cdc5c5f378ab3537,268074.00
0xf7c58dfeb06691c6b37b64ddb9ca50a587caeb06,266000.00
0x0ece7c1bfc9543b2cbea8f5577d02e5f59a9f176,257000.00
0xef38357771027a19a32d5edec1fbf3212e7980b5,253846.00
0xa9e0da4ba1b522b09d5f37abab08c0ebeb324f58,250640.74
0x72ca7b9aec982a620a23d4b9f18fb357f9d6bfef,250091.26
0x75e683797553d7a6e0a4e2573e924dd3371ab29a,250000.00
0xf13f7bf69a5e57ea3367222c65dd3380096d3fbf,239389.90
0xaf421e572b76d6c4596d4fea0faee7e742706dfa,232956.25
0x36af13e2188bcf041250231df380b828bf43aed2,226349.42
0x1b76ec9dd24dd7f3b455b0c85037ff3243ad10c6,209560.18
0x30bb9a42d54f04a73aed8b4d51a0861d8c1f6e33,197804.16
0x9b2e05bd31c4d6817d937a80ec7e5b423a2d88e3,186807.43
0x80f227a6f50d75f31e83e881d26ad22d147e2fd3,182160.00
0x6a62099262229c07643ec2f23e256d8caeb587f5,180000.00
0xa04195d5fb34e3944bad135a0a91e98a5f99919b,173995.00
0x3a56307df6a62c6461f13a74e95a78ccc1d924a6,159989.73
0x5d0d809e3a201ca32a1734a1319d69a87d02173a,158670.55
0x7595d970629a8f49cb3a525cdb54776c9e3f0269,158391.60
0xc1b3aa09a4f90e1396675284e6bd1b0709b9b717,154465.20
0x05be3b5361efe58d56cb689ea691e2e11e72605d,151098.00
0x9f28af4c58d2e2b776c27d432409964cb6c74891,145444.10
0x80959a7e1b82ed795ab5efa5c4241cd764c8fbc5,141329.34
0x02832b26c82e4d225adb0b93ca8f41b1fed75678,134799.60
0xf3e93823f2c898044569d14c812d8c851ed08e9d,132334.18
0x33f2dacb091379830df65e63a982bcd225dbe15a,126091.20
0x619b2077642e56442fb97d41ab192cc63371fc7c,124204.80
0xd925d34ffccad26d4d7c8adfbc96532cb46cb87a,119967.96
0x1d4c80d76f50cbcc5b7c472d07933863a4d3e0d5,117176.30
0x7449c78c4fb363aff812b30c7488ebbddb197caf,112000.94
0x27cc46dbc92eca7785103483e82de0c6246124e4,108000.00
0x963911186972433fff9fe2aa5959da3918456b59,104087.30
0xc9efbfaf6083c49c1741ab0b6946c0b5ede8956c,101306.66
0x65a34dfbc5abfb9a98f257eb43793319945243c1,99901.33
0x3bd31a863a799cf0ef9f6d678a8c39a1f8af0a9b,89775.10
0x2f91922aa4caba7ae19c1223c0007a1a598dff51,89346.83
0xf888571291b0d361b89d2b03672ceaa288a7fb94,88254.60
0xf853571a5437af65dc4906580015f35eb55921c1,87574.49
0xdf46e7abec81c028aa5de7c71219a346f86b6c73,87253.44
0x3040b76bdd4d73472036cf9845e9a87008123946,84974.32
0x8e0fc0fb92379f15aa6d59d97399c1d00849c5fe,82374.00
0xecce08c2636820a81fc0c805dbdc7d846636bbc4,79804.83
0x1ad216ed17aab9fab83a5bc637fa384e81bfc708,72734.67
0xb71d9ae28296b169341e5f0f499e53e21a2d015a,72000.00
0x8a54667477dee9587d9c0255dbf256a9e16238de,71117.00
0xadab2b23467e90b6e7168a5b3b2f6e825b96c9e7,70335.46
0x55a51d12833ffd2efd2e8a1524399a6960cde322,69655.20
0x270595e1e45e4d28e8eda95747f2e222aaa755ea,69188.00
0x9b3f49a186670194f625199b822fcbdfd3feacf7,66762.00
0x6fc335c1d8d68f30600221443907e52c1c4970a4,63926.40
0x0213dc37e2be77da1e0ed4fe78474051337f490e,63698.44
0xca311ff7afe460732ab8175f1cf06a1006e4741d,63096.00
0x621221b3cbd3f0b415ebee92ffa6ec742da1ed3d,61198.60
0x4766714bee503f66a331c1d88243cf926beb1641,60440.40
0x459438151b1f97880732cde20950523987ec6e91,60000.00
0xabca9075ee61f24a51f9b2bba892d1d1b26cbcbb,59978.00
0x5aa7601327e28bf88c8266ebda927e387c05755f,59679.00
0xe3dff97e14f3a55228ed2f614114bf6b27a7677b,59212.88
0x7ed6491d278d70cc0ec0f730b429606fd76a2b46,58983.21
0xdd5864a413b7ba1cd438e20ca7a14d0e68fc0bfe,58047.35
0xbf8c73ca501be9f3667c37eb261192a30949e07a,57971.08
0x60cec6fa60a6880b518f9b78b9422740130ecf9a,56345.45
0xe39ba55646653e911654b4335eca43b97ee19fd3,56238.00
0x0f5b865344a3e5e3bc074cb8a466fcb95105a741,55347.64
0x1e97822b691c09ef497403748059d88fe6290761,55256.40
0x6b30db81a96987519ec232ad3167a52563174222,53001.20
0x3bf43d5f01e2de17875111cd2b86aea6a08e3704,52826.40
0xac4a1c8c3633d1ac61b976236d33d781775cad17,52005.14
0x734381d9292e36c069c01b00092a3c249f559459,50802.00
0x7cdfc314b89a851054a9acc324171bf8a31593e9,50200.83
0x64b7192bba790d3fba9f5a9a40aa95d2c499ab14,50000.00
0x0284ee154c9d482ec461207db3e5476d3278932f,49296.57
0xf8861c420fab6bad324f2e83eeedbb8c71cb0a15,49186.26
0x7e3725ab300dce7f6b47183232e44e538dfdacaa,48672.53
0x323a24e105b292f01d89b616fef24d1a9df9f513,48000.00
0xaefb39d1bc9f5f506730005ec96ff10b4ded8dda,47662.04
0x79674d479e5ac6cc24161109260d3360cd73b451,47121.00
0xa0e8129da927de3b5d8dfdc519ce4bf01ddb0a2f,46835.20
0x6945b43512cf7dabf002533bc4a01a49fd920372,46368.00
0xd70a8e85da013c7894f3244e0587a36043cb1404,45970.61
0xff8b98385565c606e93336977d76dfe850c5b29f,45970.60
0x918def53676ad8d5955c637c43983d1d7db46dea,44622.40
0xf15165e9d655b200efa5b184a3741b3ec5ff0b1d,42427.18
0x6cd1a7511d891ba03c19d86ae85bf6538a3c81c8,41358.24
0x1f906ab7bd49059d29cac759bc84f9008dbf4112,40930.63
0xbae304b1a1b5ed66b0c61291ae012e171dba067e,40885.81
0x2ff99b5d39759632827d44b4155e983ae816a284,40783.18
0x2cafe9cba9da5a49e3ff28eb63958c2583cd552a,40260.15
0x0df1eeb03d08bad482cb6de5fc4a8d009e57c9eb,40256.40
0xf72cc204bd60d13f77caa5f9889fe4fba43d1b9c,40158.32
0x9b2c5b0800dad9c1166082fb8c8b3ab61e64a792,40000.00
0x3e75eff88a0b544443ee115e83be94b10fb0fa1a,39439.20
0xda13f11a3d5e6a844a434a1acaa15af954f398c9,38669.18
0x677f86924673fba148b6d11003b35e8aa0129ba5,36889.97
0xdd66863e2ef27401927f249bd8aede7f3c2aae88,36563.50
0xf20464fd66251ab19b357a7500ae89381074c127,36219.60
0x4f262395cdead58c12f97daaf1b44b1d0215d1c5,35613.01
0xa32946d0d3aed19b9140857c43ea140cce16ff76,35185.24
0xbbee64ca2322f135d3af6816e673113f52143d2d,34352.40
0x6ae07f823e9be3889ddd984716fad9faf3836d76,33728.63
0xe1fd26028a0de4f2a26b100f1ce0e98d5e669aa3,33596.08
0x17bc9331ff977cab492d76a094683187b6bfbe48,32959.88
0x1cb4831b6df1d9cb07279b93a0e101db9b2295d0,31203.65
0xe5dbd125da82787b8413912b2676dcdc66df7d7b,29805.00
0xbef65d1773b13c23fcf9b5ed1d48c9747f26a53f,29369.80
0x512e3eb472d53df71db0252cb8dccd25cd05e9e9,29358.32
0x2f70642a50d74111be3460f97c604359bc245da8,29049.61
0x012fbed58f9c8096b09827b59803be48e2621fb6,27610.20
0x710b89933e82360b93bc4c4e6e2c4fa82fd2c7f0,27502.93
0x3b5a537c3eab7491860b6c156e773bc0902fa34c,27298.80
0x336f2809f43fefb062a2b25f1c74a22a9bb26981,26845.06
0xf65485e0c7b3e06d1a81e20d22e062a4af3f8c10,26450.00
0xfa9a283a493e97e64300584f017e4ac4f6f7a44d,25135.92
0xd651a34a382a5795bf26cffd39d78618c98aa9f4,24546.00
0xff15208bb7bdc9024431c3294c9d1f6e262304a9,24445.04
0xa3f46346230415bc8ad2f4bdbb7803f5bd6f5ce6,24028.59
0x2173f06e7d4e3f0e01e8e4a04f0bce00f8fba0d7,24000.00
0xad70c33fa39d55ad7d88dfc9186726e6c3758921,24000.00
0x25fca82766ed6f39555a6ad3206a3873e5981a92,23570.65
0xdc50dd493338055d67e2a61236d5285bc112dd37,23418.83
0xe9b00cabe946ba5fca845c5cc8e5e813383cb554,23311.26
0x252368430ae959fb6628f58fb088034d38585457,22600.00
0x3b104d633639841ea5605bae1467ab21208c4282,20673.00
0x9d597b627383669084af79be941cb5255a4a74d2,20329.20
0x9531647f5ffaf86ccc95307a2841d44864f50d2f,20023.16
0x5ddb49f23a2e5d83f348a0287085056a0612b365,20000.00
0x77fb21b9649c660ba5b4caab9121b8ec63ab4341,19971.18
0x61ed4acbd4a9aede4cb78b702e738b03d94b9fe9,19892.85
0xfe655ec770e2b532c85e9867f79fb4a8c2dcf4de,18814.66
0xb093f88c567b9dc711c291349283a113fe828a0b,18072.97
0xb1db3e730df1833983222130cf95139f6b563578,18000.00
0xcfe631192001d9e3382c698b00563c208aab1e2a,17892.00
0xe93b89fef7cbce1593bc6b504308666db0605996,17729.86
0x86468e6160f61f19a7fdcc06e7e235059b856ce6,17651.48
0x8993801b6afc20cfeb9d2c0a354e154cd1d79d80,17204.40
0xbd2644dc13f38379c452dff3676ac7ad5e9cfbc4,16885.00
0x9f360c5638fca1057477f5adfcdf1290689461e4,16806.00
0xf93c6703afe610e8a2df9268efdc9ab1683acd9b,16094.00
0x424be8df5db7b04b1063bd4ee0f99db445c59624,15825.79
0xf49a63a380cf7a0b9943ed7ba86c3d4eec91fc37,15628.42
0x7d26d3bd8e5eee24697ecdf4f7b41c2ca2f92f30,15607.68
0x4ddcad765a5a1497c26807078a318b4c1c2fc1e7,15336.62
0x9bad910302d58f157bcea581f9cee4415bc3e439,15078.29
0x5a32e4d3247be4364d41f2240705bd4fcf2d7161,14676.00
0x6add7f83e311380f7432f7fc240c3944d3a405e5,14628.60
0x102a84cbf1575c7f202707c59fa6db279e609176,14587.00
0x4753ff953a810728417bdfb2e8ae94697e10fb44,14543.00
0x94878fe98cb083103d7c85f843362f0c17ce1344,14000.00
0xe2e35a7b2881c9adba7f0c4a993afd0829ef3f7e,13957.20
0x93835fdab42da0c3d306460c3c47686c25b8fa18,13760.00
0xbd3735100b3a808f567e1344674e45aa6e76c212,13401.62
0x63bb46461696416fac820bf871375274d97b128e,13001.28
0xf1228c34651348f12d05d138896dc6d2e946f970,12993.64
0x0f3f647e19ddf45d1a963527db2af07c8175db20,12490.03
0x9402229b147566037f850cdbb2f3a1bc58bf6783,12002.56
0x71d5b84d22b6df54fa6cc6c325ff36c86b9f356c,11556.77
0xc29fc038cd055842d466281f609c319bde595017,10941.60
0xf7b5d015d2ac3c8ec395fd3ee79eb3e8dc4108f6,10744.19
0xafa659a4206ad1f41d4dad822bd60e82d7f4dbe3,10518.00
0x9d47f7a6eb52459b59eb4e016126788b5eac4f60,10486.15
0xadcd0f99a56e4c87f522e3cbee7f225bd2b81063,10414.80
0x53a1ff1d3a863bdf7e07f20c4ad21667865a59cd,10400.00
0xb195b5bc233d406ffe6902af70c9171f0a228863,10261.20
0xedd0332893036e992aba984aecf0c819a6fabe57,9878.00
0xe5cecc31e72f4eccd717a17b4e62cb6b4c5125df,9800.00
0xc448b2a751414ba158615121ce23579b835615d7,9600.00
0xb3d7e2431a2e21dd9474fd39062568eeb5d1dae7,9589.20
0xacefcbd2bdf917c8e6c04ae3c440cb36554fc148,9555.60
0x304b6f7708b098c166ce327ea7c06a775f9efbfa,9485.79
0xbb38e1c9e6d61b51f2ef5f9290b29e86d9191fdf,9370.66
0x94b3040fedc4a0656fa621f6c4119ed5f16ef450,9367.51
0x63e760ea52650776e73e7c53dc78fcf972c10c8e,8660.00
0x659082a1b071fe769fd4fc8acc3c056986375081,8571.14
0x5e2f30aa5b02952f6dd5e89039007375e7ea16ef,8547.73
0x9819a7825df3e9696546be64f51143ff1fa54e75,8533.00
0x12d966c301cad3bb529b42db2460d0b22b455674,8451.60
0x4c0891e4cc3cea6ec5f1ec474b72a557322f1725,8375.00
0x0147faf0ba2c501e309458563d8aa3ff9dba0abd,8068.80
0x5767795b4efbf06a40cb36181ac08f47cdb0fcec,7907.87
0x472954f5c9e1ea75648d6de0611fe5c8d1ae3f1a,7806.28
0xc7bd798519b38f4d9f424f8764424c54f653c38a,7806.28
0x9e55f1678560fd2b345ac9a509df55bf732632f1,7800.91
0x215d8b2afc1c339a107ed61121f7960485fe9231,7776.00
0x7264e8dad75b3c7ea33faa80fb421157ff2e1ec2,7638.53
0xb66747241e41f0f44d7cd2d9ce0d08febbb7bf0e,7609.57
0xed20a089025ee545d28e902f0e72b10f16d27f3f,7500.00
0x37eeeeb9bc8e3d144e2225660645ed68be5b666c,7424.62
0xc27f4956826755b69651dacc8146cb7c46835e99,7392.00
0x9b1ac8e6d08053c55713d9aa8fde1c53e9a929e2,7355.84
0x0709b103d46d71458a71e5d81230dd688809a53d,7297.10
0xaaedc4060ea677770a7cf47097cb6649f5536375,7228.08
0xd17abfbca2916818bccd92818ba66ae5f54351a9,7200.00
0xd85e821b874cff4880031b96601dc73bfe92f48c,7132.85
0x74e8249cb087e3abe21eec78e005cb2a730a3874,7128.00
0xcc2b9fde1e59342c1ae10ebc02bb44e1dbe2b02d,6883.11
0x149bc3d13c6ed4198b9759db05c4b6b5c74f7e1d,6807.78
0x42b3202b505e29000bbbd6409085c9a8334d7e47,6729.60
0x455d3752cd28a7d2a7d955acf99da9ddc4c2e3ed,6600.00
0xcbabcb54214f06671b8bb59da40ca23e168536be,6519.91
0xe5ee560b99de57fa88f0375e4c50ae09455b7a80,6437.00
0xbfdaa10e3045823fa6a60e98f530ac02fdeec501,6431.00
0xae194652e4fc26f3c541a4054144b44441c8125b,6430.94
0x7e23a710adc8e97ec2a776c40d8875aa3769575f,6340.80
0xd027e3bc1b4be983002119583d9453f7389d61fd,6245.82
0xd6172abc3a6c736c953fa19b6f0800eb6f75e311,6245.02
0xa88430d5f54d3b2fe049693b95cc7ea8bf8a1cc7,6245.02
0x2d19ca3ca720a80d8d5ff4b28c674d8d76dd24e1,6241.79
0x0c9a01a29d64a4c54497f2780a1f6a49bd89ee97,6231.60
0x9e94d099dab37aaf9caaed7f682465826d5c9b3b,6218.26
0xad7bca164882a3d32d63f63ef245200fa81541f3,6195.00
0x46adf4507a9ee9333418774628fc70347a6d119e,6126.41
0x4c8388c8510ccadd3c2505b602cafa6084916e65,6095.00
0xad47c8b0d224c4a9dd431b2877ccdb886eb52949,6038.40
0x98da57634e485be2e1602b3d4fb53fe3797b0adb,5986.84
0x68030d42a06d6bc282b41c068fb8c16507b99469,5885.17
0xbf1788dce9c7ea5d4e4b18949ebb40bec841b253,5618.40
0x51fc44f14ab20fd1663a1ec273b9535cfad0057f,5559.00
0xb901b09e1c91ceda28dfbb029fda63f1378a23a0,5372.12
0x63c2827a62e3715ce9c4fa8ddb3c3e89116f6202,5288.40
0xd6b78fc05ca640ac3dd776558bafd9d3cf8210cd,5264.19
0xcc7de062ab1b0c4a90a5bdfe71d0d990d2bc7fe6,5236.80
0x0962e1ce0819c840519a95111c9b2e4d8e475ecc,5147.56
0xfc7293761364923c8455390aa490b8d085c4f497,5094.86
0x41c3687f22c4f8227a9f42906909d77b0b43ff6a,5040.59
0x0b448fc0574a8d4acccf20a4cf3f6fb4ad9f7ff1,5000.00
0x964b2c3df9f29ded421ab05974306255f20a1f98,4928.58
0x48731a48591b8a1869fa0f742334532a88b2ce92,4871.00
0x727ac146846bd23d45f239782426542fd382f1f0,4790.40
0x8f5028469bdb44fd0ed489391ca90a0ca30aa2c7,4764.64
0xacd6385aa7df8dcde3500928be104c9b6e811e84,4748.00
0x0ac0240f4656dc80684d0df1208bb91c0220725d,4743.24
0x05388b4a5f5d176f01157cf93db3991ce3ebd077,4683.76
0x308dcaca32b14eb73553872d524ffefd5c5eff0a,4683.74
0xda106813a35ed07d207f3cf851da7e0c2024db11,4682.56
0xe86297580abc60f504514ae3e514a0db8ade98db,4680.54
0x2701e783156e9a842e9543ab94145e4953fe8db8,4416.38
0x06d6dec719e2acf3480e9478ad368e2eff1368cd,4331.00
0x4d58e49536d2de14ffd7349fcdba51746fcb944c,4326.77
0x3a98141fac8b5aeb53c21faf22172bb3c43acc21,4271.01
0x8fc129eb204f8e4ca740389c279cbb3c89a7cc9b,3961.25
0x050ee024a0ffd8b9bd383271835b27dd66c3fec3,3903.13
0xfa6c97f0effab1ce8d7cd80eb96ddf2ac6bf0e38,3903.12
0x1ff4c0ae0f386c16d297d7580b872da90fadae2c,3868.67
0xc3e11ba7f7a53566624594bb5369ffcff3b273c7,3765.60
0x2533fb41cc34d9e78e2c8882ad48754bc2c1e28a,3628.80
0x43d0d8dfb49a23c0e60b10ade5baa416940fca55,3609.60
0x5f26cc1c4fd6f9b0db0722f4e6737bc547352c46,3544.00
0x2ec1421ceda5537599f55574ceb7979a2373eb4c,3517.46
0x08807c8908123c68a1c647b56562e4a49539a1e4,3493.28
0xe47fcf4aa41b58027ab48b81a6b8ac52c14aa1e6,3440.40
0x0e12679e1764383cbb829272152939f565e81157,3436.50
0xf6195c8f154e92ae4e5693be6bba87734d076fef,3328.18
0x85914d049aa004d037cae65bad275ed4147f172e,3261.00
0xb1cadad8cdbe6374225f01602dd03843d2554faa,3235.45
0x9421451ee7abfbb746406efc17e0492cda9aaccb,3228.04
0x30daacf4e097dc06865b04fd30e77a43c356dec7,3182.78
0x26d54242019601d2b058aa19b2f2fd2ee4bdcb76,3154.33
0x71c2cf4877c991f5b7047636c8ebc04408a8312d,3142.17
0xbba5067ea1216c914f0f306e9aa7474d2a89cc84,3139.32
0x6d33ecd723155522d597682df1f0ac10e7d7d9ed,3135.12
0xb2953cfe4388192c5c7a31e3263ae036f6bfd1f0,3122.51
0xddcc6a7c9f53a437f4d6515bdf058b029e8e1169,3122.50
0x29218db82c91bbab1375c0504ace44f5086f34ed,3122.50
0x2fe63647f828be64a2f66d91c8afb818b0b31937,3122.50
0x680b3137953ca9c0a398c827da3b2c0401c92515,3122.50
0x7da952174ce57fc5ef30ca75c68fb36bec17474b,3122.50
0x7370cdb16c2fe03f48f96d1ea1f8095174cd8844,3122.49
0xc607c980b2ad8624fefcdd57a4fd8b3f7dfaef23,3120.84
0x5e52b47629ea2d8b312de17b3255e32c2662fef4,3120.79
0x0110b7c8721a5cf5d0c083be9994ab026db15990,3120.36
0x54881c1b56e0e7a62a3f0752180036976435b891,3120.36
0xcca1ad5b7ae6bbe9330d85fc8cdebbe5bc45f48a,3017.31
0x50bda015ae50ebd50cb6d3f7a342630ac5f88c1c,3000.00
0xe211c773f8576e138e8ad985ccdf2e0b44942759,3000.00
0x4babfad28b92c9dde23e7d0b03f357f1f45f7012,3000.00
0x7e3b384872ff28d4b4a24cefa6b34cd6141953ad,3000.00
0x8bf67e2023bbc4a68c4cd0afde86b1d43f0feefb,2827.20
0xb9a50a4019db5558cfe5a2e46af3f93f006dd7b6,2826.47
0xd2b2523eba6f19243c01f83d704f0cb3dae21787,2814.00
0x71556fb9764ee44282891410a4f17b4abc6f1735,2760.30
0xdbe17ce4f29598d399f4a0e948861506eee90cd2,2595.00
0xa603b9fb742369ec09526fb14656934b65e3b078,2578.80
0x55458fd2ace82c15738ab62a2763077530e8f1b7,2577.78
0xf5dd4fd37a79452e97e3ecdc92058b249dd27d23,2524.42
0x43f11890f3d8ee704595eba88f52ee7d983b6907,2498.77
0x77692ec8dff80d651c4e27574234429861e06a8f,2480.84
0x38e76c87d7bc4b0a5c31077d330804a4d0ee33f1,2455.20
0xcba92e14525ba7e38627a06665213996462ec232,2400.00
0x8f7e5c24d4663af07e996ee8defe8d387fdc9462,2376.26
0x596888345c9e3c6f7d0f4e5d8590941e2cab52e8,2355.28
0xe0a68214ffda2ebbdc78c0e748071cfd8f701948,2350.98
0xab38b08d03e8011b9badb8472fb2a61d901754e1,2312.40
0xe403d2c2908322a6e8452fab4b7eabae4b638297,2307.60
0x2255a3422ef5b6614f2f631eadf204dcb560809f,2299.05
0xa5299c2cd1c67254a0ee18ec8e6797d1af5c6b62,2265.37
0x9726568bf0bff545b0bca6278e75881099629f3d,2259.05
0x86ec58e3ee172267729a62af77ddb0f5a7f2d206,2176.13
0x1a0f3b5e6a376877f63e830805e6ca7ee2af1ba4,2165.18
0x1892dc27271cf6c9d8dde32d3af5b4834c17072c,2145.60
0x7c3d0402278366a3e1ed3f2b997005b7ca0e1ebe,2137.40
0x0edb69f1a0dc26445c5df95accb88f9030a47805,2113.51
0x078f1a5b63f9028494fb8f232047124057cc9f0a,2095.67
0xdb4492b8149f2e1e4871bf43cf6140a299916180,2086.80
0x1094acecf44b72d4f54cdf0665689e86d6c9ab54,2068.80
0x80c6e17022a42f0d03a63e3facadb32585e2915e,2057.88
0xcd18d82f8583a5c37d7c76529c727d3bda5bef73,2043.51
0x91548e4c6a221610ab1fd3746c2d8ea0119cf49f,2009.46
0x5f4a7becad7d6df0a9d73996598bfa48d5abdcd9,2007.95
0x3463db771e99822f26dcf57cefdacca3301c34d5,1936.78
0x0f777be84015cd8edb83dd6cc94666f6f94af9d0,1922.93
0x3af31764ab8632162d2abc34c05eebe99834dc80,1850.60
0x4db09171350be4f317a67223825abecc65482e32,1817.24
0xf8fc775a17e980ae0d66798d2fd737c37d4b5450,1776.40
0x5bf82ab2e093b90eead74e73ddd2257296fe797e,1773.09
0xfa8317b9f24f95c7f127e1616cfb69ccb1687a86,1765.31
0x8185ddfcf81a87977d1b16c68106c30fff9f2490,1726.42
0x51968f0321f9abf49571c64ee2ecf0cfcbe4288e,1698.74
0xf7d650cc0adba70145d106f6a02fbbc61d150e5d,1681.25
0xe1438e1230d291cdcbe46205c9be4ab71329f041,1663.62
0x9f2ccfb7ecac70f3ce87f30bd6ea67fec3a4fb9c,1653.78
0x18f768e186c64df3f6466636fcafab951febeb99,1648.00
0x5f92ff39928dfe7ffc1a003996c0801afdf357a6,1636.81
0x9bd6a4c27d4e2d9d2af86455f2336437be854004,1619.00
0x0803d8e45a30bbfb63936cc62bc622f19ffdbc45,1604.40
0xb503c35d4d7f5c73bac02e2b446085993c502ed9,1595.22
0x0e979995e1dfb7546904e087c712da6dd117f066,1587.86
0x0e799abcd93699ede250582e07fbf925113ce041,1587.70
0x80a02b3616d05799ec48c50bdca2494fac286bd1,1574.85
0x1ebb73f5f47bcc3d7dc1dabf7284875e3ae40e07,1572.19
0x7808264089c5ddbe5dfe478115000d520c562c88,1572.00
0xfec2de8d9e77214cd219cd03c0e722d82b4de541,1569.64
0x2ddc599cf55a7d106b586aee04ce96426e7acd1f,1569.12
0x85e1e69c7839c4c5199dca4c6d46cbb52726ac48,1565.29
0x43618e9d01e15b6e46225781f90ff43ce7dc80d7,1562.81
0x9f93dbbc5ace2e0fac0647ee55497f9e994d2450,1561.26
0xa24a03a53f2409ed6f8634f3b370fbfacf1352c2,1561.25
0xcee77f57860e893ae54a2317c5670266e435350c,1561.25
0x7693a36a92c486ecf3169a39f3945c5fb3a8e982,1561.25
0x7e98d97e0703a79299b65cb57a992a77a5079678,1561.25
0xc02bfc8c96477d82ae78d3212b802c4bfc820f90,1561.25
0xc6f1c8acf83eefda02a0f2498d8a965300756248,1561.25
0xdea1e210fafe127dcb1e321b896a57ca8ca589a5,1561.25
0xe198f0df74b9786ee4a230023c51669216c9b98c,1561.25
0xe52dfb1c7cce4d88f37fcdff81e851db4b9c6e87,1561.25
0xe8d5d28f875f81f49d2fae5250477c5d7a46abf2,1561.25
0xf60f773494889f18fc7eabbcd5705334bb7cc6dc,1561.25
0x27db050a9bffc75d3209e7c27d780a84ab15a13e,1560.77
0x0cf29c333a84064723b3c8d4630a5af539f18e3c,1560.77
0xd139f164d07456e867f835a9cfddffccb196cdba,1560.48
0x093b8c607c15d87aeeb74e538fb69ffd6ef1f9b3,1560.41
0xfa13a1fec81f66a31dafccace04ecef65eddd06b,1560.17
0xfc3733587e4066d664963c90ca3baf76ff05fe46,1560.17
0x8fb07b21383d331f3752a7590b0cfeac85514a1f,1547.29
0xe9e7dffbd77f3a46df8853e145638793531cd11f,1546.40
0x67dbc5f33b7bf431f792d010d3cff9ddef4b5a17,1514.93
0x7dd9c08c2e6b0ca7e91191c8928e268e3b9ed132,1433.62
0x2c8478235ae2ab5fe3e516522caee5aa257c7d7d,1420.12
0xe12d731750e222ec53b001e00d978901b134cfc9,1419.89
0x285973208cc8f2b65a57d3db370a614e714560c7,1412.77
0x4dfc9a43ec0d31aa4fd673c602fc6435cf4150fc,1404.00
0xe958d5839440ee96b107a0ef7dadc59651328132,1377.60
0xd5d6632f40587d04a6a4e7f218875f0c50d011ef,1362.67
0xa8c56cfcbab094ec31319716422caf4fb8003573,1314.14
0x2282fd8a6ba7d936163529f4c7e9dc8ecf249530,1251.41
0x8167baf6e348331712bc61d7b053a639aa360dd7,1236.87
0x78b3ec25d285f7a9eca8da8eb6b20be4d5d70e84,1234.57
0x11cb4b21b11b6c1282291a01cb7725933fd76792,1206.64
0x6ab075abfa7cdd7b19fa83663b1f2a83e4a957e3,1201.25
0xaf28e8df6b57b9bbd06ce0ac6e8186208b384849,1200.00
0x8fa2a5bafa13e4004b6676bc6842687b208f34c5,1200.00
0x9a7750e4f63fa95904e4fccac50e66ef25452000,1199.95
0x595afc944ef281e7efbcff0224b0deed1a8b8477,1192.43
0xf8900cf8ccd5d2a142a74688e57d864804af837a,1189.00
0xf7902421ca73098e79d16a230727ab7b3104cb0e,1155.96
0xfbfa0402b62b758f833ab4c04d7fa5f1185b7559,1100.00
0xdb4eb9c5ca378aa1a990600c92bad775f27d68b6,1078.51
0x33765a943d510c65537ed9c609079fdd5331be70,995.15
0x818e57ad08bd7883973d8ee80acf4e436b477eb9,993.60
0x3930d9d8b77069ad62c4a1b5d943c1545f1e3a96,977.35
0x8676f92151771425c5a506a60105ee1a8e877456,945.07
0x443eb1f18cf8fd345df376078c72e00b27e3f6a3,936.29
0xe4e3603f92dccd6edee60c504fe97e516f66aed1,929.33
0xd5dd6ef4a6b0bd9ae6a065fac1ad69c734f27b49,926.40
0xccc303ff781848d78021b5bde0c2f239d34afa9c,925.20
0x94cc007aec3e6035c59e00dcd6e6b81801dc996d,922.77
0xc825c4ed0ce2607939a201f12b591f015d634090,917.53
0x17dccd6d59cfec0d68c23dd31d7ce27fa4858ec2,911.44
0x71f25e3c2294261b02aea44bcdd521d560a4f9f9,887.35
0x355c1cf73c2c1d0193b0dac92863d5f254a3e83d,848.78
0xd68ed515fdcf74e3b5dbd8c30a79990621e3f476,806.82
0x9dda956b2854771a676dc3ff999ecb69016b34db,783.88
0x572612eb5aee423a3ae20760cfa43504dfd5c631,781.60
0x49de8ac8fd216ce47df021ddb6550bd58a564873,780.62
0xcf3e7f18d4966f8bbb01119000af563c3c1870c8,780.62
0xefa117fc408c83e82427fcc22a7d06302c542346,780.24
0xe4afc5c5b0013ccf6aee05665dc2bfc9df234734,780.20
0xcd79272e57a870c0b1f69a8c840244364c4a0260,780.07
0x190d9d443d6dfb4c4b06c8ba28f04472275df296,779.85
0xacee6e07c52dc36fc15e02eb743e87907c5e6e50,769.46
0xa06e8f72d23150e383012fa57044d41188f059ea,756.76
0x02b0e4247b46bdf05a9f25c50bbf08dde9289a77,741.99
0xa99037f7aadc8acc0f2b259eb947f04f4c51690f,741.95
0x5132649fde3e0bc9a207dce9ac44743247efe3d1,736.47
0x66643f158f9698474dbf5f7ffe17402bd3d27d8e,730.76
0x528d4e4e0dbf071ec23013f06d8487bad5a8a68b,706.14
0xa16951ab46688a4e1779165ca10b60439abd1a94,700.00
0xb27f6df486ef5dee2e3a4dc4f257dd63e5a5e371,684.67
0xa358066e679e860a71e507097e4b113e5b234cd8,676.80
0x7dd48cbdcd02db361a382483f6f9db945a759323,668.60
0x7326f6a0be387b0cc6d48d97a087090c267b813a,654.50
0x93f69c5720cfe566751139f548478be6c3989ef3,629.24
0xbbab2ca3df54726d3f484afff85708c0075a4400,624.49
0x597bea912e8734e17ddc4f43a489a1472d9459cf,624.48
0xda6cbaa3599620b98f85de04a3ae4adaee214057,624.48
0x792d9ef87260723e70593d93d90c1bc64f79b8eb,621.74
0xe116d5f4ccd817e93a4827b4b1166fb3fa61bec5,603.12
0x155df48ac561e361c18a76da5dfee193f782143e,602.74
0xbc7b42d71c43ac238dc0909d47406d5471e0cc6f,601.42
0x692d47ada6ebb8754f5365c22b3384307c886aaa,600.00
0xea16545cf2e4c30b38b156cda0972be63ce71d50,600.00
0x5810f362f1cf7f1a6658dd0151ad465a54ca4230,598.20
0xfc980c92208d954a64b04244a84c99d17ccb0d8c,587.82
0x58dbfe31ce1e639ec9d0da60d82cabce637b2ba4,584.60
0x185969586faad5e0b08f432a38147091a8dfab0a,573.00
0xc7906671251bbdbcf12e42424579d0637822e88f,562.56
0xd028babbdc15949aaa35587f95f9e96c7d49417d,546.43
0xf82a53a53a07e742dab13da2494b1842d57b3c1e,498.00
0x58d173db9c37874bf4bdcbb185bd5d8e5fdc0d04,468.78
0x78f18d950ff20e7b39eeba5dfd38859d5ca3181c,468.14
0x8584cd7c5df7be54105e62cc5799f6e0fe1804f8,468.12
0x445c68b2b0fc677292ccaa20fd5b10854cdca2d8,468.00
0x8aac39ce5421f6d964dc4432ee489de20999fbed,458.00
0x67a2d822eaab603ee3082e17c841fbe88041ee3b,452.74
0x4e41ff12576bd2e8a4fb401658b3c3bb167a7e2e,433.91
0x21bf7651f3731fcb013c3a8d491a0ea46991a68d,433.82
0xe9cb01a8e8b6a5364ae004f175743dea22393c6b,432.86
0x32498836d2a52ee3f34995655a3d2394bd270aae,398.96
0xa7afda1bb2817e4ad85d1e6971ba045e8fffdb73,394.80
0x88293d4be3828e4cf431cdf1bec0cb9fa4a6f7eb,390.31
0x9b87e1fd164e70e6fa8c7fbee5943c2532f7834b,390.31
0x779bf353a2d5d183192f1aad447d4b29c25cf48e,389.39
0xb6d3f44d325c35e8434bf389efd9ee83b19ded54,387.74
0x3b605e155fd73108425ce46924f6017e8682d377,382.00
0x50765e7fa9d040eaf3598d8c59a691118a1324ce,371.96
0x5ab5c78a5578e4816a72f5479eb1cfe3d5aade86,359.24
0x3a244bdbf68bc15314c62827218b5f7f795cf394,358.89
0x28aa5c6653bf726a70ec922dc310dbcfb90c7dc6,336.36
0xa5bd479cc3f8afb51b59a1fc65db58ec58079688,335.62
0x766b391a7f4953fa6dd8635fa404926dd4c12509,330.67
0x23a75258935e8b76470c9b8ad1feada9a06efec1,315.84
0x0e54edd4cf6568de41fc67eaa71aeb52885999c7,313.34
0xd7c5e4099a6e8b4b46f6686326004ecca6ffd538,312.44
0x6008a6c65987ba4cda848a86762b2f00800249c0,312.25
0xb8acd3a41360cf07621ff64cf3cd0dad9a1f0085,312.25
0x245c2a4a71cc20e4cf48ee0c553759c2d5de9599,312.24
0xcf1b7d601c6e5ffa96f0cef0619e6a4c647b2bac,312.24
0x062f51ecb1ee081fd6b72b94e634fe1b71f0f179,312.17
0x3142b32366d60e30e59c9e0a260afbf5e6d0f330,312.03
0x0187cd7fa0f5f10661e12be1538611de29bc6f77,312.02
0xa636319bafec2b5fb5410e4bd84fb03b778e29c8,312.02
0xe8bb7903d57abe84f03a76fe533637885185635a,312.02
0x44ec1918b7eed455b940960345a4db8bf965ec68,310.70
0x5132a726dff5e5f13e48515985bb23c23a639875,304.81
0xb23798b78d23fab3d6666730302e22a0f188a344,300.68
0xa07296c100d6a137157155a37b0ff599efcc82dc,300.00
0xed5d095e0d8853bf7b945f8b47d51782978eb74f,298.47
0xe9e0b8b2066b82fa03d5a3471dc1c718f45f6989,297.76
0xeb2a312bdc5581cf39f16f27b09cc029f3e8480a,292.80
0x9213dc91b318f030eeac9085871939c6c7c58089,290.50
0x166d5385157eda0b3f0a2ffa39a46859017993bc,286.73
0xf68460016677f515a3817a189f261a30969ba09c,279.78
0x5c2e883b16d73180f60febf687b74ec615d1d544,277.75
0x2e8c66ddc05da420d2dfba8552012ffd4532b59f,270.32
0xd5e94db07ad9c2c14c02da82956e3c00d6a8e09f,268.39
0x99e8ec242b0d46d075470bfd3eb3cd2c26008fd6,261.26
0x781bd49bd8cddbaa1fdd8d463a86398635e24218,257.20
0xf0508c4297734bf22bc0a608a2dce688b99c8a7d,245.58
0xcac948be6d8882ad4bf7171094c8fc2c0e350ab8,238.80
0xe790e84efe105a610ec61d9d31edc07c2569f529,234.17
0x8de5469f7bf563daa3284c60984f2c9215cef448,234.04
0x10bfca20fe804f4026e26c827bb6d0d739f90e06,234.02
0x6d99bac857db9fdc6c3a958c8177912729bc6e78,223.73
0xc480fa7faf9e22b4756287770e9af51716b0d335,220.56
0x9930c5a232d113c324fc8fe1ca02ec0982dff3c2,215.24
0x405054c97ff467e61bbbd1c6c6b2ee492028512e,205.98
0xccbfa1afdfc1b881f592e154616e50a20dc3bcd6,193.18
0x4df0a3818872acfef8c99c5038b0b454238e7903,190.45
0x7928c2b270e83aeabdbd05a7d8dae95c42634cbc,188.04
0xd519ba662960cbc7f3ba19903bc4be15f4e30f3a,187.35
0xcf24d2df79b4c171659838e5fb96864dd017161c,187.20
0xaaf40b42b07f904eaf609dffb54e3f7831af0a4e,177.89
0x3c6ea0529f3355cf453179a789895ccab93a6b4d,172.80
0xb9ab9578a34a05c86124c399735fde44dec80e7f,163.45
0x749204e590e3820d72c11ab5f73b8b02c3438869,160.70
0x339d408e251ced5d441e09352291c7a45fef676a,160.18
0xad67d674410ac8f48bd77622e9eb9f2bfadf5214,157.64
0xd6139a88424988db72724c01e657ec0d5c0b096c,157.57
0x580a5b2f32bd14af9da1e01ef41feb754f78c350,156.89
0x13179b664d1c5010e59dc4fbcd0308bb5851afe6,156.84
0x3c2d12fe7c48c8e7a9d9da3106bd3aab9142190d,156.70
0xd846a701f5a33f1eeca75dcc3fe7475274ffe9de,156.68
0xd8eaa1e8fe9706bc4e487b4eb12300e3b4c8cb65,156.31
0x9a89aa7b67ebaba68141fb92ed5253cc3f197f1c,156.12
0x7ced446b07621bea10eae15ecf75ea00fa71d052,156.08
0xa1c0c2779e05a8a7775502f850ec64a959e78d1d,156.08
0x883f4bf1cd53692bb602bfb580d4b1504539dfb8,156.07
0x15491f326c5a56fde5ca40eb5bfdee36a8f145e1,156.05
0x940ec1a9bab489eebbb941de5e6432cea86d0def,156.05
0x76a7e3f695c0fe451daf9d9d6783bdfd0a7c32a2,156.01
0x73d4985f9d5056eb749f70e285ac6047ace1e883,156.00
0x23fe24ce4350056b32b3748cc0ef37a3bc3c9b76,152.95
0xd370d39ef962d504e661d75f28aec670eb703468,148.46
0x1103fa3b4724d26db933621befb2f84dc55f4e07,145.90
0x65e6c36f26d4b6ac780b21b4283198d0f8820232,145.35
0x814ddadf2b6e96687c99d67c22230aa131bf69bf,144.73
0xbb9e2b8ab40c8e7e22e24286840c37cf579bf94b,144.50
0xae327ed5c469e7a4668f250f4d91423f1be05b41,122.70
0x355559377df6a368fe1707091f1f2b67a5fa0f52,117.08
0x898ba0e92247d28e1b1d6e8d061d31e378594646,114.29
0x10c8bbbdfbb17cb3b5c922d580060c9a99cd522d,113.53
0xf1ec8bb34a4aa9746b009ddc22870f402f433e96,113.15
0x92e1ff1adadf2318113063a3d542f1f1cf2d4bbb,112.55
0x7da4428d1ecb3f574d49416a809e9d4c8ffc3d74,111.11
0x29195aaff225f1638d3d7e2d7a9a99414b4acece,108.73
0x30757f0fc843c6fd4209ba28f0e19d9c51cab610,102.08
0xfce4b17065e42f679bcc92e255fe93988cf7a106,95.90
0x431e4b84e3b8a739af3394c3a4463e62a8c721c1,95.21
0x38ff716c1f3461b303e0f2a65492fdd429402814,94.05
0xc82bdf11d89e2c169e6c1120a622f35acb4b2cbe,93.67
0x9b7a65088d92f1479cee4816c39bb1ad3d6d62cb,93.64
0xbe6f5437c3c73fa238628fb5da61a1a07ea0e8f5,90.19
0xe3be5a01fc65f65eeb902b8fbf9911bec8d7ea57,86.36
0xebd35c595e608cd85f195576b8cc3bff8f80c11c,82.61
0xcba42fb374b23e01b4d18b37cd2c4c8f71d1fd44,82.23
0x61f7fb52f2d2db59ce3bf8b451371eb906b187d3,81.55
0x32be364ff3b6867e0c5f475d680fc559954fcb2a,79.38
0x02ffb9b4bbc29f9a59b20c541d369c5add62a5a3,78.05
0xc9699996d5201ace61b3a25f2fa547e2f12bdaee,78.00
0xd280572f0f2e6386589aaea71fd87a1bdd9bf304,78.00
0x0f07c0197c2431054906ff50d04a6390a67d1baa,76.76
0x46993998b70fdbdc6c298525bc6d6c920067d394,76.49
0xbf79fcd7e8cb43373acd4451d243b2cc53c6f2d2,73.72
0x2cf56fc42b0d2bf8b2a97aeb3de95da2d9fd624d,68.01
0x02debfb86afb43492c458869bd7904a897f08237,66.44
0xb8637aebccb3d9cfe05c627bbcf370fc8f7b6287,62.98
0xfb74252c807983d664f191ea9b171334257f29f9,62.73
0x1d29174e838ed22b0f318ce455b073163361242e,62.68
0xd5329311ad1024e7eb2e7ed722bc22da23cda8ef,62.45
0xf004e219697b4856323836c6e716094e4675eacf,62.40
0x0a871481218926f9f20913dee30f359be83ea17f,62.40
0x29596cd63e4159f58f967408fb420a0181c53b14,58.57
0x0dd119eb232b8f19f4bd117debcac494eb476ac2,57.52
0xd10dbf3ab92f0e9ad22fb2dd524458f47686e1ca,57.11
0x05fac1ae20b0c4b06699dec78c23e94bddcb05f0,56.06
0xf92e63899aea2015c1eeff62f36a12ac5dc2ab59,53.41
0x8540fb320177e8bb70cf7378fcb3662f3993d314,52.99
0xc77e26436f8b0ff690fcc55e8b0a9286626fe168,52.44
0xa92b1becb224d3a50c2758bc4d381c9b7b931865,46.84
0x0965a2353f6e6c2190aada4f37ad66892dd82d36,46.84
0x073502e1d77e98bc4f6c526182bb637b46bf53df,46.49
0x35bdb68c8bd197e62a517b37632c0b7583082b48,44.10
0x4652805c8b2c0fd1ee0dc2aac535bcb12eaa9ae4,44.08
0xb67d1dc2c5a6861a3ee1a5e67d55559dec4aff04,43.15
0xdff24806405f62637e0b44cc2903f1dfc7c111cd,42.22
0x29fe5015affe0cac6bef6328794838a9bf486baf,42.21
0x42312b8bdb365f44bbcdea6773f9fb3bb3d91a80,40.58
0xc6be020af953b4a1f27872348aaeb4501128acdb,38.59
0xbb88706ab553faeca12fb764c8eca7c48c3e143d,36.19
0x16bd77fd51516f787ee42b6a4f0fe23aa5cdb8cb,34.66
0x6ab8d88e2f5e373e2e2a6cda861dbc477becc57e,34.39
0x5c2acae2bfbf75b7a2f045dc7f4326bc4f0b048d,33.25
0x302c469a8e85d9f6d604d5e7ca4836b86220d22f,33.22
0xc267030bcef1261137899ced33a648a5e7c1d6bd,31.42
0x4238fff8b88e989746cc8055f9a2b60f0d1c9aea,31.25
0x47e33894ed60a691a5c795325dae461363863c8c,31.22
0x497a7a33726fb47a57234395c37b8a603f6b310c,31.22
0x91ae6b383fba985f6641d46aa4f6be41f081e347,31.22
0xffec39d3c84f2ac026a57b6a83f08bd169aad9d9,31.22
0x2737ff812bd540373f87581406b939faafef86aa,31.22
0x0c06d31b4cdba6376026f4e099b097228159816e,31.21
0x66ce476bb662e7e5a07bc83427b9423ee085c33d,31.20
0x31b87a9636dc5626a9c1b9aa730cbd17158d701f,31.20
0x5d4775479c7152f0251b525266c01529d499baa8,30.00
0xf8dc713418332074365ffcb6480339e5cd58424b,29.98
0x3e2b1d466ef0311b187590662a89dd73b5a11484,29.71
0x208d7c7e8cc3e29231a2dd2943096be267e4c1ed,23.48
0xb5e6cf92a59625a43b1ed7bde359ce87593d8aee,23.40
0x865d7eb5db37cc02ec209dd778f4e3851a421a20,22.84
0x577d2357fcccfff337e802f1351a020634fd9e39,20.52
0x89951bda1ac29770e0bc3935a65ba88b1d622c1a,18.22
0x3963a2cb6759f3f2827f46ce52a7398aea8e2977,16.57
0x500ce3dc51b6604ffa6d5c5e9e7d7972f5e65cda,15.66
0xd84a0966c2de57f80ba165beffe978f323e232bf,15.60
0xca2e02d24bb30a15672456d8c427e5a2cdfaa354,15.57
0x1bb46f6515da9c63ed67465cb0bf2f24598a4387,15.53
0x2ae02587a2b86fbd4502c5322154e97908d7279f,15.33
0xf8be016dca3b5dc7cc126dcd385c6afd35a7988a,14.53
0x877d5249b478beefe2b8514d7d5dfd2fb86074f4,14.41
0xf7dd777462d0cbf8a55d4025761980d10ccda6d2,14.10
0xab197a6a51a759f794fba7139742ee1a151b0afa,14.09
0x5bc2a0f35ee957ca76bc269a93ad9d2900d15850,13.82
0xa0efd27acc781549d5b78e89e561aa0903932d56,13.40
0x92df2a5104fce10d77496710488382eb53def917,12.82
0xae2ceebcb17765b1446c2f6287895710c9eb022b,12.81
0xe6c456e9d4ebf00d1b530260f0cad30c369bf0e7,12.40
0x02a8f422e4623cf409b2a1a64a603b16357ea9da,12.34
0xc4f72aafc32979516dfd4a3298e46a95497c019c,12.08
0xe67d62c2c255bcb81b5b5758cc1a6de997ed7321,11.88
0x38df560cff0a862ddaeafc52933ed1d732abb5f0,11.45
0xcda58658267ffc3c13f4e8c1cb5b7765386ec7ef,11.42
0x017252042524df387a7ed994d41d7bde44f4670a,10.70
0xb9d24761ebb3e3a88b8cf20e77f56ccf026a2044,10.43
0xf273950a41c3b18ff1faff57a1b47ca83c02242d,10.28
0x630a9d1dfe46af1f8de3bc54a2c77d5c6cee358b,10.24
0x43a0217cc5cfd938525d0b56ee6ccb1bf714f526,9.88
0xf25ca3dac44038e12b473ce9427d7b45bc43dd3f,8.85
0x58a1ec549154d1bd445ac17378f8bb703cae84db,8.14
0xd0b359bf48e63e74ed52ef795049111ef435deb2,7.43
0xb2812370f17465ae096ced55679428786734a678,6.92
0xb2b62e67a47a8c18e12613a447032c669b65260e,6.85
0x3b0b4be1a3962e67273ea72ea34c95e06603d661,5.88
0x05d01b976ba0701ecf39a019bdab2ded547a50cb,5.86
0x724741bef078f8135a21a9a69b5b2acbb539abf4,5.58
0xa47e73d0a443bd5012e0e083c214dd1da554fe8a,5.53
0xd3195b4071c45b6d0b5818cb91e99eba9fe71645,5.36
0xfe5f97c6a3db2c6c1b927fc26569fdc7c0a4c668,4.85
0xe40636e5b376a9d993ed664b5833201a63e9279f,4.50
0xcfff95484f8ced4ee63ebcde50b7b04c34a906d8,4.49
0xa1c57438ec705349106c028305d271ac8a66da06,4.37
0x1f9d171330d2fd9dafd976e605377d1f1d3207d3,4.30
0x1f42454adab9108787135ca1ec3f3729a1dd1c52,4.23
0xd6775353c692cfb7fe9bc7c2f3c63287f9585433,3.71
0xa5d089429ba06c6494241763f7d774d13358f854,3.65
0x57db24ceec940249dc19d4f3dfb186f910b99cb5,3.41
0x9793d1026b01fc86c482a9a5da5407d928aaa849,3.30
0xacd65b8e9d50128780a114a16d8e9870e19c82c3,3.30
0x7f4f9f7f98215b3a60fee715d8af4b4552cb831b,3.26
0x6a155a05980532077d10dcb6639ae64dc5e1480d,3.24
0x03c8d715edd8738227eb7d7f895bfd37b829140a,3.15
0x1106b35314999a067fd9e26ad44a260f8322a3ae,3.12
0xdf1d76aff94c110e71b31b000fb8df6dccad1737,3.11
0x98757ef6865414cb0121b3242f97d78fe12f9a2c,2.98
0x37757b63de4a6a82f12337d4b8984f9f1808e709,2.84
0x6fd54da27d0583f2171b7595708d2291eed636df,2.76
0x39a3ddb82d6645533b07cae39660e481cb5c15c4,2.69
0x22fd4633443ae028c28620c79be4a19e2ff39504,2.68
0xe25684c91cf468ac1af7297ab3af6235f1ca1dc3,2.61
0xec403d5dfeedc39061a04a266d8e20211b6dd90f,2.57
0xe0e8c1d735698060477e79a8e4c20276fc2ec7a7,2.57
0x1c61ab3200c1df823db6747b010e40636427cd60,2.56
0x90acd8833171dd2a6b32922613e6075f482d7c6e,2.18
0xa4196d94f5dd58eb5e1f178081dced280eb773b3,2.16
0xbabc0629ba1aad6c8c0a86f2bfc6f11121f27932,2.11
0xbf5310fae4d7a0c6df0452bcda09aefa2748ad59,2.04
0xca9b237d498dfe3b90e553df9cbc0e2ec92d9fd5,1.88
0xfbbb17b7e6f561ad1208257724ee4241a2289d5c,1.84
0x9be9f2de9619d7ad1df8418e65b5b1fd49fd6672,1.60
0x01281a8e31e2ac1bae55a69a7c962f526fa64f00,1.56
0xf158892464ab2a3ed2a1e06e7634dc2b726bf23e,1.50
0xd0b136592a3731bae94055d9e4b7707f59d8fde5,1.46
0x9acdbaef13c374022e2ca4e9494af526cfc920b4,1.39
0xd606ceda126f749908fb5917367a681ed84b738f,1.34
0x1e3005bd8281148f1b00bdcc94e8d0cd9da242c2,1.34
0x8108161ee269162e4ccdbcf024b8c62cc8eaa379,1.30
0x62730177d3f03ddb8244731b04398ab003bdfb53,1.26
0x2ec7da3139921cdca85d5eb1b870538e42f6b0ab,1.11
0x135ae51cae4f8d61471598ab4a0248ce27f4c83a,1.08
0xa17f7de14ee47efb1c822a7610781c3679bcdf92,1.04
0x34bed1b2f18640674107fad120730f5fc76c6457,0.78
0xd6f8f177a1df294a83da2b77e014bd56733f311f,0.76
0xecc40bb63c6f7227071dfd5cb296eddf761f09eb,0.55
